employees,estatutarios,comissionados,indireta_existe,plano_diretor,tx_limpeza,tx_coleta_lixo
208,148,19,0,1,1,1
2009,1671,90,0,1,1,1
1219,849,77,0,1,1,1
1107,918,189,0,0,1,1
994,475,72,1,1,0,1
589,5,23,0,0,0,0
366,330,36,0,1,0,0
332,252,50,0,0,1,1
2063,1270,76,1,1,0,0
460,353,20,0,1,0,1
412,313,49,0,1,1,0
1313,1055,34,0,1,0,0
2333,1830,224,0,1,1,1
193,158,7,0,0,1,1
338,256,19,0,0,0,0
358,268,24,0,1,1,1
216,198,16,0,0,0,0
679,299,31,0,0,1,1
875,740,33,0,1,1,1
642,384,37,0,0,0,0
426,264,73,0,0,0,0
971,589,75,0,1,0,0
229,222,6,0,0,1,0
565,244,19,0,1,1,1
347,189,59,0,0,1,1
550,436,71,0,0,0,0
700,411,78,0,1,1,1
307,219,57,0,0,1,1
1072,905,42,0,1,0,0
420,0,32,1,1,0,1
208,162,12,0,1,1,1
165,6,30,0,0,1,1
347,324,18,0,0,0,0
945,630,91,0,1,0,0
214,169,28,0,0,1,1
1735,1208,31,1,1,1,0
461,275,37,0,0,0,0
906,570,49,0,1,0,1
454,269,99,0,0,0,0
3218,2601,271,0,1,1,1
251,200,39,0,0,0,0
645,472,93,1,0,0,0
206,184,18,0,1,0,0
1650,938,185,0,1,1,1
238,186,22,0,1,0,0
285,270,15,0,1,0,0
501,383,58,0,1,0,0
227,128,31,0,0,0,0
174,6,18,0,0,1,1
98,62,16,0,0,0,0
6236,0,79,1,1,0,1
649,337,63,0,1,0,0
679,515,90,0,1,0,1
240,200,13,0,0,1,0
174,112,37,0,1,0,1
227,197,17,0,0,0,1
286,137,144,1,1,0,0
18085,13501,629,1,1,0,1
515,0,25,0,1,1,1
1183,279,71,0,1,0,0
461,199,29,0,0,0,0
842,618,22,0,0,1,1
2514,0,133,0,1,0,0
512,284,40,1,0,0,0
605,143,25,0,0,0,0
220,154,31,0,0,0,0
257,162,37,0,0,1,1
4210,3480,77,1,1,0,1
1364,775,132,0,1,0,1
486,396,40,0,1,1,1
889,598,7,1,1,0,0
3892,2345,515,0,1,0,1
223,202,19,0,0,1,0
483,310,74,0,1,0,0
390,334,42,0,0,0,0
1490,805,47,0,1,0,0
1117,746,38,0,1,0,0
7824,5079,451,1,1,0,0
197,135,29,0,1,0,1
1569,1457,112,0,1,1,0
527,418,76,0,1,1,1
335,255,54,0,1,1,1
408,202,62,0,0,0,0
335,270,10,0,1,1,1
1151,1067,45,0,1,0,0
316,244,62,1,0,0,1
812,486,43,1,0,1,1
883,0,32,0,1,1,1
303,287,16,0,1,1,1
8109,7109,411,1,1,0,1
7514,6321,209,1,1,1,1
793,253,133,0,0,1,1
395,320,9,0,1,0,1
242,214,28,0,1,0,1
646,337,75,0,0,0,0
3175,1601,128,0,1,1,1
530,290,100,0,1,0,0
835,501,81,0,0,0,0
2073,1301,156,0,1,1,1
138,120,16,0,1,0,0
1145,620,211,0,1,0,0
406,251,41,0,1,0,0
571,404,36,0,0,0,0
288,200,46,0,0,0,0
1494,632,150,0,0,1,1
135,94,21,0,0,0,1
304,231,52,0,1,1,1
265,225,31,0,0,1,1
358,175,150,0,0,0,0
716,645,28,0,0,0,1
401,343,44,0,0,1,1
322,0,17,0,0,1,0
618,0,35,0,0,1,1
346,271,26,0,1,1,1
369,0,13,0,0,1,1
411,392,12,0,0,1,1
372,254,27,0,0,1,1
938,398,32,0,0,0,0
1016,672,104,1,1,1,1
852,429,23,1,0,1,1
1176,0,174,1,1,0,1
878,550,23,0,1,0,0
346,167,120,0,0,0,0
250,232,3,0,0,0,0
7327,6096,643,1,1,1,1
339,237,27,0,0,0,0
1467,852,49,0,0,0,0
167,146,15,0,0,0,0
3316,1406,607,0,1,0,0
1866,1149,143,1,0,0,0
442,306,37,0,0,0,0
250,182,31,0,0,1,0
607,455,63,0,1,0,1
944,787,58,0,1,1,1
426,5,25,0,0,0,0
5278,1806,397,1,1,0,1
364,250,30,0,1,1,1
272,152,70,0,1,0,0
810,622,42,0,1,1,1
5190,4090,339,0,1,0,0
916,454,34,0,1,1,0
899,729,164,0,0,1,1
371,279,17,1,1,0,1
1527,939,468,1,1,0,0
948,408,69,1,1,1,1
255,159,50,0,0,0,0
409,224,22,0,1,0,1
488,394,39,0,0,0,1
1030,879,61,1,1,1,0
411,0,12,0,0,0,1
274,208,16,0,0,1,0
2650,1122,155,1,1,0,0
1841,1345,228,0,1,0,0
1204,980,27,0,1,1,1
2425,1985,137,0,1,1,1
3109,1671,111,0,1,0,0
2423,1916,109,0,1,1,1
302,136,21,0,0,0,1
148,118,15,0,0,0,1
515,404,34,0,0,0,0
275,204,9,0,0,1,1
728,488,51,0,0,0,0
547,372,51,0,0,0,0
262,226,13,0,0,1,1
834,576,70,0,0,0,0
4020,1646,201,0,1,0,1
543,230,49,0,0,1,1
545,429,29,0,1,1,1
785,395,49,0,1,1,1
350,216,50,0,0,0,0
703,518,91,1,0,1,1
202,141,6,0,0,1,1
189,167,15,0,1,1,1
12511,7230,4264,1,1,0,1
259,125,109,0,0,0,0
263,194,41,0,0,0,0
525,0,8,0,0,1,0
2737,2292,313,0,1,0,1
243,166,77,0,0,0,0
291,205,10,0,0,0,0
314,235,37,0,0,1,1
1510,867,23,0,1,0,0
864,684,176,1,0,0,1
1133,624,49,0,0,1,1
188,157,13,0,0,1,1
387,180,34,0,1,0,0
8693,6528,272,1,1,0,1
325,269,24,0,1,1,1
2921,1532,253,1,1,1,1
14414,10496,1006,1,1,0,1
554,383,47,0,0,0,0
451,307,31,0,0,1,1
161,157,4,0,1,1,0
339,192,8,0,0,0,0
1212,594,135,0,0,0,0
837,513,176,0,1,0,0
308,263,12,0,0,0,0
437,155,47,0,1,1,1
856,347,123,0,1,0,0
759,425,61,0,1,0,1
325,235,25,0,1,0,0
2702,1483,228,0,1,0,0
241,172,23,1,0,0,0
1299,751,103,0,1,0,1
204,185,12,0,1,0,1
680,645,20,0,0,0,1
482,410,24,0,0,0,0
254,196,5,0,0,0,1
1132,608,102,1,1,0,0
1798,1059,108,0,1,1,1
779,503,22,1,1,1,1
1361,859,38,0,1,0,0
401,247,43,0,0,0,0
976,3,49,1,1,0,1
365,245,22,0,0,0,1
251,199,19,0,0,1,1
472,287,31,0,0,0,0
225,91,46,0,0,0,0
14416,8163,381,1,1,1,1
884,875,9,1,1,1,1
173,115,11,0,0,1,1
239,147,20,0,0,1,1
89,66,14,0,0,1,1
197,169,13,0,1,1,1
265,170,37,0,0,0,0
303,252,30,0,0,1,1
1396,888,55,1,1,1,1
1291,606,92,0,0,1,1
422,200,96,0,0,0,0
272,172,49,0,0,0,0
487,236,176,0,1,0,0
463,179,62,0,0,0,0
2121,1204,280,0,1,0,0
4097,2231,426,0,1,0,1
394,240,16,1,1,1,1
341,312,25,0,0,1,0
311,205,24,1,0,0,0
190,152,17,0,1,1,1
917,757,160,0,0,0,0
665,435,23,0,0,0,0
1220,690,71,0,1,0,0
258,154,24,0,1,0,0
1563,1178,130,0,1,0,1
1007,701,141,0,0,0,0
3119,2573,242,0,1,0,1
506,347,61,0,0,1,0
361,295,10,0,1,0,1
7584,5771,890,1,1,0,1
145,90,22,0,0,0,1
258,0,76,0,0,1,1
430,353,7,0,0,1,1
2444,1453,174,0,1,1,1
219,0,60,0,0,0,0
377,336,23,0,0,1,1
312,272,24,0,1,0,1
548,467,24,0,1,1,1
544,216,34,0,0,1,1
708,601,44,1,1,1,1
249,0,25,0,0,0,0
269,188,16,0,1,0,1
180,149,12,0,0,1,0
331,276,25,0,1,1,1
419,317,22,0,0,0,0
436,287,39,0,0,0,0
280,235,27,0,1,1,1
2416,1360,538,1,1,0,1
119,84,9,0,1,0,1
199,149,16,0,0,1,0
1082,779,235,1,1,0,1
2430,1185,212,0,1,0,1
472,0,26,0,0,0,0
221,208,7,0,1,1,1
2201,1893,208,0,1,0,0
821,478,197,0,1,0,1
146,91,21,0,0,0,0
673,506,33,0,1,0,1
1474,821,71,0,1,0,0
237,204,33,0,0,0,0
906,323,119,1,0,0,0
485,208,27,0,0,0,0
1360,0,147,0,1,0,0
1345,1043,150,1,1,0,1
582,0,35,0,1,1,1
328,270,28,0,0,1,1
393,381,12,0,1,1,1
607,0,42,0,1,0,0
164,0,36,0,0,0,0
371,278,62,1,0,0,0
940,0,34,0,1,1,1
3643,2093,1458,1,1,0,1
293,258,24,0,0,0,1
707,0,46,1,0,0,1
216,180,18,1,0,0,0
580,480,34,0,1,0,1
143,102,23,0,0,0,1
210,127,10,1,0,0,0
160,115,23,0,0,0,1
8480,3137,207,1,1,1,1
187,104,31,0,1,1,1
506,259,33,0,0,0,0
6474,4946,65,1,1,0,0
2546,940,239,0,1,1,1
501,385,42,0,0,0,1
875,586,57,1,0,0,0
459,365,16,0,0,0,0
189,166,9,0,1,0,1
307,205,47,0,0,0,1
349,256,20,0,1,1,1
651,527,33,0,0,0,0
569,6,30,0,1,0,1
551,444,19,0,0,1,1
254,120,83,0,0,0,0
939,7,85,1,1,1,1
853,470,52,1,1,0,0
1495,759,163,0,1,0,0
219,120,14,0,0,1,0
578,417,130,0,0,0,0
907,623,130,0,0,0,0
191,126,25,0,1,1,1
960,646,43,0,0,1,1
3293,2540,39,0,1,0,0
250,132,50,0,0,0,0
866,76,91,0,1,1,1
1001,492,38,0,1,0,0
552,423,47,0,0,0,0
347,277,14,0,1,1,1
248,205,18,0,0,0,0
352,262,20,0,0,0,0
226,159,41,0,0,0,0
1207,828,145,1,1,0,0
1088,780,77,0,1,0,0
1908,1292,138,0,1,0,0
986,570,43,1,1,0,1
809,673,93,0,0,1,1
118,101,14,0,1,0,1
438,366,35,0,1,0,1
267,120,40,0,0,1,1
215,163,32,0,0,0,0
290,142,20,0,0,0,0
1034,943,43,0,1,1,0
740,464,85,0,0,0,0
223,173,19,0,0,1,1
250,127,19,0,0,1,1
548,343,64,0,0,1,1
786,587,27,0,1,1,1
247,164,25,0,1,0,0
7111,4385,535,1,1,0,1
224,88,22,0,0,1,1
615,368,25,0,0,1,0
224,151,42,0,1,1,1
413,342,47,0,0,1,1
432,285,21,1,0,1,1
371,254,44,0,0,1,1
3153,1733,153,1,1,0,0
205,47,48,0,1,0,0
2063,1497,231,1,1,0,0
1163,890,131,0,1,0,0
382,200,52,0,1,1,1
460,239,38,0,0,1,1
378,250,19,0,0,0,0
520,401,50,0,0,1,0
233,139,17,0,0,1,1
391,364,26,0,1,0,1
1075,0,97,0,1,1,1
1357,1171,60,0,1,0,0
538,361,62,0,1,1,1
651,473,49,0,0,1,1
145,110,22,0,0,1,1
887,278,47,0,0,0,0
177,113,32,0,0,1,1
193,122,37,0,1,1,1
1800,1384,132,1,1,0,0
1625,1392,77,0,1,1,0
382,298,26,0,0,0,0
1097,694,74,0,1,0,0
230,193,37,0,0,1,1
182,149,15,0,1,1,1
908,751,25,0,1,1,1
3037,1465,145,1,1,0,0
239,151,11,0,0,1,1
286,246,40,0,1,0,1
5652,3121,346,1,1,0,0
395,198,30,0,1,0,0
479,306,49,0,0,0,0
2035,0,330,0,1,0,0
206,170,23,0,1,1,1
146,104,18,0,1,0,1
638,346,75,0,1,0,1
83,67,16,0,1,0,1
132,102,22,0,0,0,1
1026,695,148,0,1,0,0
919,458,62,0,0,0,0
1849,769,275,0,1,0,0
942,554,122,0,1,0,1
509,4,42,0,1,0,1
1119,839,53,0,1,0,0
869,542,102,1,0,0,0
860,0,146,0,1,0,0
1174,588,76,0,1,0,1
248,144,32,0,0,0,0
828,643,96,0,1,1,1
1670,1492,92,0,1,1,1
1318,1151,73,0,1,0,1
833,733,70,0,0,1,1
228,176,8,0,0,1,1
315,195,40,0,0,0,0
NA,183,59,0,1,1,1
1022,846,97,1,1,1,1
620,0,30,0,1,0,0
319,180,15,0,0,0,0
749,579,53,0,0,1,1
1308,875,203,1,1,0,1
486,0,34,0,1,1,1
250,142,19,0,0,0,0
2075,1668,145,1,1,1,1
431,212,27,1,0,0,0
507,402,30,0,0,0,0
406,0,23,1,1,0,1
1360,1032,194,0,0,0,0
280,16,20,0,0,1,1
134,0,8,0,1,0,1
3193,2252,635,1,1,0,0
945,408,116,0,1,1,1
226,178,48,0,1,1,1
320,185,100,0,0,0,0
580,350,40,0,0,0,0
780,739,41,0,1,0,0
574,382,98,0,0,0,1
484,354,55,0,0,0,0
231,148,13,0,0,1,1
800,381,51,0,0,1,1
882,552,82,0,1,0,0
1637,193,45,0,0,0,0
238,163,39,0,0,0,0
310,204,44,0,0,0,0
1021,5,42,1,1,0,1
3504,1957,1028,0,1,0,0
122,78,12,0,1,0,0
1112,1032,67,0,1,1,1
1093,728,87,0,1,0,0
5555,0,199,1,1,0,1
522,336,65,0,0,0,0
303,0,19,0,1,1,1
418,220,160,1,1,0,1
541,258,60,1,1,0,1
2012,1100,86,0,1,0,1
1033,511,93,0,1,1,1
252,67,10,0,0,1,1
1176,997,77,0,1,0,0
372,307,22,0,1,1,1
436,307,35,0,0,0,0
1250,803,211,1,1,0,0
968,497,265,0,1,0,0
2103,1016,140,0,1,1,1
340,188,45,1,0,1,1
1104,223,66,0,0,0,0
1047,695,138,0,0,0,0
229,187,27,0,1,1,1
276,176,22,0,0,0,0
963,535,37,0,0,0,0
1621,854,175,0,1,1,1
631,368,41,1,1,1,1
358,206,33,0,1,0,0
524,400,25,0,0,0,0
670,588,78,0,0,1,1
412,312,56,0,0,0,0
472,379,40,0,1,1,1
226,146,31,0,1,1,1
964,722,39,0,1,0,1
1414,1078,51,0,0,0,0
861,758,72,0,1,0,0
248,179,35,0,0,1,1
1942,908,24,0,1,0,1
5468,2559,290,1,1,0,1
182,137,22,0,1,0,1
1908,1473,61,1,1,1,1
220,195,22,0,1,0,0
185,93,28,0,0,0,0
453,336,48,1,1,0,0
1198,820,165,0,0,0,0
927,498,45,0,1,1,1
682,557,58,0,0,0,0
516,235,228,1,0,1,1
537,430,28,0,1,1,1
151,102,15,1,0,0,1
823,0,50,0,0,0,1
642,275,126,0,1,0,1
686,269,31,0,0,0,0
203,175,10,0,1,1,1
785,0,25,0,1,0,1
2193,1420,67,1,1,1,1
813,675,46,0,0,0,0
1801,961,78,0,1,1,1
6627,3630,391,1,1,1,1
941,0,57,1,1,1,0
414,81,43,1,0,1,1
437,242,9,0,0,0,0
1764,1142,190,0,1,1,1
1015,404,112,0,1,0,0
378,276,22,0,0,1,1
1217,937,104,0,1,1,1
233,189,25,0,0,0,1
309,242,29,0,0,0,0
468,318,57,0,0,0,1
262,245,17,0,1,1,1
13907,12577,862,1,1,1,1
606,184,27,0,1,1,1
2162,1393,135,0,1,1,1
751,605,44,0,0,0,0
1244,834,74,0,0,0,0
874,689,106,0,1,1,1
351,0,18,0,1,1,1
200,71,101,0,0,0,0
606,132,200,0,0,0,0
728,0,52,1,0,1,1
606,562,23,0,1,1,1
366,340,16,0,1,0,1
402,267,48,1,0,0,0
2834,1609,355,1,1,1,1
350,259,43,0,0,0,1
269,0,9,0,0,0,0
1231,715,30,1,1,0,0
675,425,39,0,0,1,0
263,211,8,1,1,0,1
343,287,24,0,0,1,0
363,193,24,0,1,1,1
404,346,43,0,0,0,0
358,272,9,0,1,1,1
2150,1883,168,0,1,0,0
369,200,127,0,1,0,0
195,152,24,0,1,0,1
832,577,11,1,1,0,0
180,111,28,0,0,1,1
164,55,26,0,0,0,0
625,415,58,0,1,1,1
10656,5769,1375,1,1,0,1
737,479,78,0,1,0,1
472,0,32,0,1,0,0
236,0,37,0,1,0,1
281,152,32,0,0,1,1
1815,813,121,0,1,0,0
8642,5629,886,1,1,0,1
341,196,60,0,0,0,0
197,166,9,0,1,0,1
6495,150,657,0,1,0,1
171,165,5,0,0,0,1
262,212,19,0,1,0,1
2406,1488,109,0,1,0,0
259,102,20,0,0,0,1
316,130,37,0,1,1,0
413,188,82,0,0,0,0
220,189,14,0,1,0,1
289,230,17,0,1,0,1
269,234,14,0,1,1,1
268,155,26,0,0,0,0
763,645,37,0,1,0,0
813,354,64,1,1,1,1
8968,5335,731,1,1,1,1
277,206,35,0,0,1,1
200,160,25,1,0,0,1
596,408,57,0,0,0,0
221,169,17,1,1,0,0
357,207,25,0,0,0,0
897,0,139,0,0,0,0
824,426,162,0,1,0,1
637,392,105,0,0,1,1
505,246,29,0,0,1,1
140,105,19,0,1,0,1
962,275,155,0,0,0,0
207,156,14,0,0,1,1
579,504,59,1,0,0,0
336,192,15,0,0,1,1
1371,1124,65,0,1,1,1
296,176,7,0,0,0,1
635,490,98,0,0,0,0
112,84,26,0,0,0,0
673,494,50,0,1,0,1
219,119,69,0,0,0,0
1152,736,210,1,1,1,1
761,210,472,0,0,1,0
924,706,97,0,0,0,0
198,123,13,0,1,0,0
4064,2296,242,0,1,1,1
682,610,28,0,1,1,1
472,258,25,0,0,0,1
442,284,44,0,0,1,1
162,76,3,0,0,1,1
258,232,20,0,0,1,0
1540,928,92,0,1,0,0
1067,613,123,0,1,0,0
287,134,51,0,0,0,0
4488,2120,1762,0,1,0,0
352,259,28,1,0,0,0
285,168,37,0,0,0,0
184,124,20,0,1,0,0
313,245,29,0,1,0,1
2170,1247,413,1,1,0,0
296,189,15,0,1,0,0
282,253,6,0,0,1,1
894,873,18,1,1,1,0
260,232,15,0,0,0,0
229,169,30,0,1,0,1
329,276,16,0,1,0,0
294,233,19,0,1,0,1
238,127,72,0,0,0,0
434,331,20,0,0,1,1
160,102,21,0,0,1,1
1561,860,214,0,1,1,0
1246,636,131,0,0,0,0
1622,543,58,0,1,0,0
230,178,18,0,0,0,0
376,58,32,0,0,0,0
365,201,37,0,0,0,0
314,250,17,0,1,1,1
914,0,73,0,0,0,1
522,222,10,0,1,0,0
326,211,13,0,1,1,1
848,609,57,0,0,1,1
200,179,11,0,0,0,0
973,92,33,0,1,1,1
347,235,37,0,0,0,0
208,174,10,1,1,1,1
718,532,48,0,0,1,1
485,316,28,0,0,1,1
206,177,15,0,1,0,1
642,246,64,0,0,1,1
1465,943,46,1,1,0,0
885,815,61,0,1,1,1
678,360,98,1,0,0,0
541,251,28,0,0,0,0
202,141,33,0,0,0,0
508,253,36,0,0,0,0
398,252,39,0,0,1,1
307,186,61,0,0,0,0
341,215,31,0,0,1,1
571,271,43,1,0,0,0
1060,741,278,1,0,1,1
229,157,42,0,0,0,0
218,130,21,0,1,0,1
2375,1364,272,0,1,1,1
596,492,65,0,0,0,1
281,177,86,0,0,0,0
207,153,36,0,0,1,1
755,398,43,0,1,0,1
338,0,21,0,1,1,1
551,0,22,0,0,1,0
804,623,33,0,1,0,1
311,188,27,0,0,1,1
350,292,22,1,1,1,1
656,447,54,0,0,0,0
134,105,24,0,0,0,0
181,9,14,0,0,1,1
524,229,49,1,0,0,0
299,170,55,0,0,0,0
952,665,173,1,0,0,1
1923,1048,102,0,1,1,1
342,1,29,0,1,0,0
3889,2200,1104,1,1,0,0
282,195,65,0,0,0,0
555,260,83,0,0,0,1
455,0,23,0,0,0,1
567,458,39,1,0,0,0
221,176,36,0,1,0,1
5077,0,127,1,1,0,0
450,242,128,0,0,1,1
874,620,125,0,1,0,0
279,212,33,1,1,1,1
1763,1482,167,0,1,1,1
425,333,60,0,0,0,0
232,193,30,0,0,1,1
358,179,143,0,0,1,1
294,225,65,0,0,0,1
997,712,101,0,1,0,0
570,228,27,1,1,0,1
344,208,7,0,0,0,1
293,221,62,0,0,0,0
912,761,21,0,0,0,0
266,183,13,0,1,1,0
762,487,21,0,1,0,1
327,0,9,0,0,0,0
1637,1174,85,0,1,1,1
575,421,69,1,0,0,0
258,236,22,0,0,0,0
359,236,121,0,0,0,0
513,402,45,0,0,0,1
720,408,92,0,0,0,0
848,425,41,0,1,1,0
259,0,21,0,0,0,0
1240,881,50,0,1,0,0
543,405,138,0,0,0,0
295,185,25,0,0,1,0
716,586,74,0,1,0,0
957,600,113,1,0,1,1
213,101,16,0,0,0,0
1315,879,197,1,0,0,0
818,635,141,0,1,1,1
245,156,31,0,0,0,0
1536,984,202,1,1,1,1
1159,769,86,0,1,0,1
412,257,14,0,0,0,0
300,195,80,0,0,0,0
435,380,29,0,0,0,0
231,166,35,0,1,0,1
735,650,85,1,1,0,0
879,602,126,0,1,1,1
4518,3559,460,0,1,0,0
792,508,40,0,0,0,0
364,206,135,0,0,0,0
864,841,23,0,1,0,0
1220,804,102,0,1,1,1
789,323,49,0,1,0,0
1150,806,97,0,0,1,0
533,387,83,0,1,0,0
283,202,62,0,0,1,1
843,504,65,0,0,1,1
441,0,55,0,1,0,1
2260,0,233,1,1,1,1
539,460,75,1,0,1,1
961,507,57,0,1,1,0
368,295,43,1,0,0,0
303,117,26,1,0,0,0
643,545,27,0,0,1,0
396,265,46,0,0,0,1
1680,1164,284,0,1,1,1
456,401,47,0,0,1,1
436,356,7,0,1,0,1
3952,2694,234,1,1,0,0
564,362,52,1,1,1,0
402,240,80,0,0,0,0
826,482,147,0,0,0,1
794,477,100,0,1,1,1
454,403,20,0,1,1,1
789,592,53,0,1,1,1
22423,8707,1426,1,1,1,1
801,513,172,0,1,0,0
403,219,18,1,0,0,0
3601,47,99,1,1,0,1
202,168,25,0,0,0,0
171,110,27,0,0,0,0
249,165,24,0,0,0,1
2817,2144,265,1,1,0,1
967,648,60,0,0,1,1
378,157,104,0,0,0,0
574,395,16,0,0,0,0
1049,872,42,0,1,0,1
475,338,46,0,0,1,1
391,197,37,1,0,1,1
329,219,9,0,0,1,1
1116,530,223,1,1,1,1
342,190,130,1,1,0,0
2653,1924,118,1,1,0,0
211,155,5,0,0,1,1
126,105,8,0,1,1,1
393,307,29,0,1,0,1
509,239,72,0,0,0,1
453,0,43,0,1,0,0
2040,1245,89,0,1,1,1
231,174,32,0,0,1,0
906,668,90,0,1,0,0
181,166,13,0,0,0,1
1440,33,44,1,1,1,1
352,233,32,0,1,0,0
919,689,113,0,1,0,0
990,682,140,0,1,0,0
217,180,11,0,1,1,1
342,215,93,0,0,0,0
1618,980,120,0,1,0,0
247,160,14,0,0,0,0
1075,953,78,0,1,0,0
306,96,196,1,0,0,0
405,274,35,0,0,1,1
1024,642,92,0,0,0,0
428,273,22,0,1,1,1
337,311,11,0,1,1,1
175,68,34,0,0,0,0
1421,655,123,1,0,0,0
413,359,34,0,0,1,1
742,567,14,0,1,0,1
315,190,19,0,0,0,0
712,0,37,1,0,0,1
234,188,21,0,0,0,0
4040,2887,186,0,1,0,0
797,426,33,0,1,0,0
2908,837,185,0,1,0,0
521,273,228,0,0,0,0
1790,981,116,0,1,0,0
172,79,21,0,1,0,1
416,259,22,0,0,0,0
141,113,16,0,1,0,0
380,264,84,1,0,0,0
460,359,37,0,1,1,1
287,0,22,0,1,1,1
6259,194,544,0,1,0,0
472,320,25,0,1,0,0
948,529,176,0,0,0,0
1008,614,49,0,0,0,0
454,392,16,0,0,0,0
516,0,72,0,0,0,0
2150,872,310,1,1,0,0
986,470,80,1,0,0,0
1073,717,19,0,0,0,1
342,198,37,0,0,0,0
225,120,52,0,1,0,0
565,413,124,0,0,0,0
259,128,28,1,0,0,1
133,89,24,0,0,0,1
2397,1663,92,0,1,0,1
177,146,18,0,1,0,0
442,326,20,0,1,1,1
1908,1027,58,0,1,0,1
684,360,55,0,0,0,0
993,647,175,0,1,0,0
419,247,33,0,1,0,0
685,509,131,0,0,0,0
235,164,22,0,1,0,1
422,323,88,0,0,0,0
656,522,54,0,0,0,0
369,276,42,0,0,0,0
765,599,85,0,0,1,1
349,160,23,0,0,1,1
694,552,104,0,0,0,0
321,262,14,0,0,1,1
432,233,36,0,0,1,1
238,188,45,0,0,0,0
679,356,128,0,0,1,1
1462,771,183,0,1,0,0
208,154,47,0,0,0,1
416,130,5,0,0,1,1
1500,797,137,0,1,0,0
254,138,15,0,0,0,0
336,177,21,0,0,0,1
172,86,14,0,0,0,0
138,105,23,0,0,0,1
219,154,31,0,0,0,0
185,163,18,0,1,0,0
336,301,15,0,0,0,0
430,203,22,0,0,0,0
894,750,13,1,0,0,0
275,205,16,0,0,0,1
693,586,53,0,0,0,0
3097,2689,252,0,1,1,1
655,395,57,0,0,0,1
315,0,18,0,0,1,1
728,396,84,0,0,0,0
147,118,17,0,0,0,1
1831,1090,308,0,1,0,1
420,0,15,0,0,1,1
437,370,18,0,0,1,1
218,190,10,0,0,1,1
1138,1096,41,0,0,0,0
833,596,76,1,1,0,1
138,101,12,0,0,0,1
1096,895,107,0,1,0,0
546,441,66,0,1,0,1
537,361,176,0,0,0,0
326,195,97,0,0,0,0
483,338,64,0,1,0,0
1936,1851,0,0,1,0,1
1011,821,121,0,1,0,0
393,280,21,0,0,0,1
556,0,73,0,0,0,0
440,253,40,1,1,0,1
991,452,68,0,1,0,0
1714,1214,117,0,1,1,0
565,380,30,0,0,1,1
183,134,26,0,1,0,1
852,523,62,0,1,0,1
1135,3,92,0,1,1,1
894,431,37,0,1,0,0
205,112,71,1,0,0,0
1018,533,202,0,0,1,0
366,138,37,0,1,0,1
634,304,48,1,1,0,1
253,145,19,0,0,0,0
259,152,53,0,0,0,0
423,275,53,0,0,0,0
1096,1011,74,0,1,0,0
276,183,31,0,0,0,1
1528,1162,122,1,0,0,1
330,280,48,1,0,1,1
8067,7068,985,1,1,1,1
1131,466,446,0,0,0,0
350,248,67,0,0,1,1
863,815,35,0,1,0,0
235,0,31,0,0,1,1
328,261,16,0,1,0,0
515,268,58,0,0,1,1
157,141,0,0,1,0,1
675,0,44,0,0,1,0
905,0,73,0,0,0,0
310,202,10,0,0,1,1
23700,12948,2176,1,1,0,0
251,239,9,0,0,0,1
1769,1067,193,1,1,0,0
177,136,34,0,1,0,0
689,514,81,0,0,0,0
626,367,51,0,1,0,1
294,150,10,0,0,1,1
1708,846,169,0,1,1,1
231,170,23,1,0,1,1
885,656,84,0,1,0,0
1428,5,39,0,1,0,1
1457,476,45,1,1,0,0
189,110,31,1,0,1,0
591,335,33,0,1,1,1
1062,900,150,0,1,1,1
510,0,44,0,1,1,1
360,251,21,0,1,0,0
596,298,266,0,0,0,0
223,201,10,1,0,0,0
1495,1068,66,1,1,0,1
365,201,43,0,1,0,0
822,551,25,0,1,0,1
1502,1283,29,1,1,0,1
1143,926,65,1,1,1,1
315,225,60,0,1,0,0
632,434,148,0,0,0,0
1342,773,86,0,1,1,0
1004,442,419,0,0,0,0
1048,709,50,0,1,0,0
1438,802,130,0,1,0,1
504,258,59,1,1,1,1
177,112,39,0,0,1,1
1061,574,52,0,0,0,0
834,682,81,0,1,0,1
530,363,68,0,0,0,0
633,351,226,0,1,0,0
352,0,26,0,1,0,1
578,460,49,0,0,0,0
315,232,13,0,0,1,0
672,513,95,0,0,1,0
379,276,63,0,0,0,0
1717,989,155,0,0,1,1
433,375,40,0,0,0,0
304,278,18,0,1,0,0
1440,1135,78,1,1,0,0
634,151,17,0,0,1,1
1314,1010,66,0,1,0,1
1385,953,162,0,1,0,0
1217,760,63,1,0,1,1
309,240,51,0,0,0,0
409,285,49,0,0,0,0
1726,1090,125,0,1,1,1
2368,1900,182,1,1,1,0
576,233,86,1,0,0,1
132,75,30,0,0,0,1
135,87,19,0,0,0,0
1601,1132,42,1,1,0,0
744,546,26,0,1,0,0
291,223,65,0,1,0,1
222,178,20,0,0,0,0
169,95,21,0,1,1,1
256,230,18,0,0,1,1
196,176,17,0,1,0,0
359,188,23,0,1,0,1
2471,1171,135,0,1,1,1
369,250,77,0,0,1,0
451,345,31,0,1,1,1
564,0,33,0,1,0,1
208,134,18,0,0,1,0
1582,1032,73,1,1,0,1
635,535,35,1,1,0,0
239,216,20,0,0,1,1
282,0,33,1,1,0,1
462,308,46,0,1,0,1
1976,1609,130,0,1,0,1
336,258,27,0,0,0,1
413,265,90,0,0,0,0
2639,0,204,0,1,0,0
326,214,48,0,0,0,0
407,0,47,0,0,1,1
887,695,0,0,1,0,0
1309,915,30,1,1,0,0
360,184,18,0,0,0,0
3718,1520,301,0,1,0,0
485,312,32,0,0,0,0
1261,859,69,0,1,0,0
1347,736,169,1,1,0,1
764,372,32,0,1,1,1
135,112,15,0,0,0,1
248,175,8,0,0,0,0
937,394,142,0,0,0,0
2911,1719,129,1,1,0,1
220,143,37,0,0,0,1
150,0,5,0,0,1,1
411,229,56,0,0,0,0
1148,713,64,1,1,0,1
1272,1,38,1,1,0,1
2817,1990,219,1,1,1,1
537,341,114,0,0,1,1
1727,1501,47,1,1,1,0
1251,0,5,0,1,0,1
659,337,58,1,0,0,0
1334,423,132,0,1,1,1
2379,0,177,0,1,0,0
1699,1151,114,0,1,0,0
179,138,16,0,1,0,0
42987,32013,1148,1,1,0,1
1450,822,84,1,1,1,1
271,225,41,0,0,0,0
